%Date,Datum utkání,Timestamp,Čas utkání,datum a čas,domácí,hosté,Doma/Venku,skóre,název soutěže,zkratka soutěže,kategorie soutěže,pořadí,hřiště,poznámka
2023-09-12 17:00:00,2023-09-12,2023-09-12,17:00:00,12.09.2023 17:00,TJ Baník Rtyně v Podkrkonoší (5),TJ Jiskra Kocbeře (4),V,7 : 5 (PK:0:0),OP MINI přípravka 3+0,Mini přípravka,Mini_pripravka,9,Rtyně,
2023-09-12 17:40:00,2023-09-12,2023-09-12,17:40:00,12.09.2023 17:40,TJ Sokol Malé Svatoňovice (6),TJ Jiskra Kocbeře (4),V,4 : 7 (PK:0:0),OP MINI přípravka 3+0,Mini přípravka,Mini_pripravka,9,Rtyně,
2023-09-12 18:20:00,2023-09-12,2023-09-12,18:20:00,12.09.2023 18:20,TJ Baník Rtyně v Podkrkonoší (5),TJ Sokol Malé Svatoňovice (6),V,10 : 7 (PK:0:0),OP MINI přípravka 3+0,Mini přípravka,Mini_pripravka,9,Rtyně,
2023-09-14 17:00:00,2023-09-14,2023-09-14,17:00:00,14.09.2023 17:00,TJ Dvůr Králové nad Labem (1),TJ SOKOL Bílá Třemešná (2),V,5 : 5 (PK:0:0),OP MINI přípravka 3+0,Mini přípravka,Mini_pripravka,9,D.Králové,
2023-09-14 17:40:00,2023-09-14,2023-09-14,17:40:00,14.09.2023 17:40,Sokol Vítězná (3),TJ SOKOL Bílá Třemešná (2),V,9 : 7 (PK:0:0),OP MINI přípravka 3+0,Mini přípravka,Mini_pripravka,9,D.Králové,
2023-09-14 18:20:00,2023-09-14,2023-09-14,18:20:00,14.09.2023 18:20,TJ Dvůr Králové nad Labem (1),Sokol Vítězná (3),V,12 : 3 (PK:0:0),OP MINI přípravka 3+0,Mini přípravka,Mini_pripravka,9,D.Králové,
2023-09-21 17:00:00,2023-09-21,2023-09-21,17:00:00,21.09.2023 17:00,TJ SOKOL Bílá Třemešná (2),TJ Jiskra Kocbeře (4),D,3 : 14 (PK:0:0),OP MINI přípravka 3+0,Mini přípravka,Mini_pripravka,9,B.Třemešná,
2023-09-21 17:00:00,2023-09-21,2023-09-21,17:00:00,21.09.2023 17:00,Sokol Vítězná (3),TJ Baník Rtyně v Podkrkonoší (5),V,3 : 15 (PK:0:0),OP MINI přípravka 3+0,Mini přípravka,Mini_pripravka,9,Vítězná,
2023-09-21 17:00:00,2023-09-21,2023-09-21,17:00:00,21.09.2023 17:00,SK Sparta Úpice (7),TJ Sokol Malé Svatoňovice (6),V,6 : 8 (PK:0:0),OP MINI přípravka 3+0,Mini přípravka,Mini_pripravka,9,Vítězná,
2023-09-21 17:30:00,2023-09-21,2023-09-21,17:30:00,21.09.2023 17:30,Sokol Vítězná (3),TJ Sokol Malé Svatoňovice (6),V,4 : 14 (PK:0:0),OP MINI přípravka 3+0,Mini přípravka,Mini_pripravka,9,Vítězná,
2023-09-21 17:30:00,2023-09-21,2023-09-21,17:30:00,21.09.2023 17:30,SK Sparta Úpice (7),TJ Baník Rtyně v Podkrkonoší (5),V,8 : 6 (PK:0:0),OP MINI přípravka 3+0,Mini přípravka,Mini_pripravka,9,Vítězná,
2023-09-21 17:40:00,2023-09-21,2023-09-21,17:40:00,21.09.2023 17:40,TJ Dvůr Králové nad Labem (1),TJ Jiskra Kocbeře (4),V,6 : 7 (PK:0:0),OP MINI přípravka 3+0,Mini přípravka,Mini_pripravka,9,B.Třemešná,
2023-09-21 18:00:00,2023-09-21,2023-09-21,18:00:00,21.09.2023 18:00,Sokol Vítězná (3),SK Sparta Úpice (7),V,3 : 15 (PK:0:0),OP MINI přípravka 3+0,Mini přípravka,Mini_pripravka,9,Vítězná,
2023-09-21 18:00:00,2023-09-21,2023-09-21,18:00:00,21.09.2023 18:00,TJ Baník Rtyně v Podkrkonoší (5),TJ Sokol Malé Svatoňovice (6),V,11 : 5 (PK:0:0),OP MINI přípravka 3+0,Mini přípravka,Mini_pripravka,9,Vítězná,
2023-09-21 18:20:00,2023-09-21,2023-09-21,18:20:00,21.09.2023 18:20,TJ SOKOL Bílá Třemešná (2),TJ Dvůr Králové nad Labem (1),D,0 : 17 (PK:0:0),OP MINI přípravka 3+0,Mini přípravka,Mini_pripravka,9,B.Třemešná,
2023-09-26 17:00:00,2023-09-26,2023-09-26,17:00:00,26.09.2023 17:00,SK Sparta Úpice (7),TJ Jiskra Kocbeře (4),V,5 : 2 (PK:0:0),OP MINI přípravka 3+0,Mini přípravka,Mini_pripravka,9,Úpice,
2023-09-26 17:00:00,2023-09-26,2023-09-26,17:00:00,26.09.2023 17:00,TJ Baník Rtyně v Podkrkonoší (5),TJ Sokol Malé Svatoňovice (6),V,6 : 6 (PK:0:0),OP MINI přípravka 3+0,Mini přípravka,Mini_pripravka,9,Úpice,
2023-09-26 17:30:00,2023-09-26,2023-09-26,17:30:00,26.09.2023 17:30,SK Sparta Úpice (7),TJ Sokol Malé Svatoňovice (6),V,7 : 2 (PK:0:0),OP MINI přípravka 3+0,Mini přípravka,Mini_pripravka,9,Úpice,
2023-09-26 17:30:00,2023-09-26,2023-09-26,17:30:00,26.09.2023 17:30,TJ Baník Rtyně v Podkrkonoší (5),TJ Jiskra Kocbeře (4),V,7 : 5 (PK:0:0),OP MINI přípravka 3+0,Mini přípravka,Mini_pripravka,9,Úpice,
2023-09-26 18:00:00,2023-09-26,2023-09-26,18:00:00,26.09.2023 18:00,SK Sparta Úpice (7),TJ Baník Rtyně v Podkrkonoší (5),V,8 : 5 (PK:0:0),OP MINI přípravka 3+0,Mini přípravka,Mini_pripravka,9,Úpice,
2023-09-26 18:00:00,2023-09-26,2023-09-26,18:00:00,26.09.2023 18:00,TJ Jiskra Kocbeře (4),TJ Sokol Malé Svatoňovice (6),V,4 : 4 (PK:0:0),OP MINI přípravka 3+0,Mini přípravka,Mini_pripravka,9,Úpice,
2023-09-27 17:00:00,2023-09-27,2023-09-27,17:00:00,27.09.2023 17:00,Sokol Vítězná (3),TJ SOKOL Bílá Třemešná (2),V,11 : 5 (PK:0:0),OP MINI přípravka 3+0,Mini přípravka,Mini_pripravka,9,Vítězná,
2023-09-27 17:40:00,2023-09-27,2023-09-27,17:40:00,27.09.2023 17:40,TJ Dvůr Králové nad Labem (1),TJ SOKOL Bílá Třemešná (2),V,12 : 5 (PK:0:0),OP MINI přípravka 3+0,Mini přípravka,Mini_pripravka,9,Vítězná,
2023-09-27 18:20:00,2023-09-27,2023-09-27,18:20:00,27.09.2023 18:20,Sokol Vítězná (3),TJ Dvůr Králové nad Labem (1),V,5 : 17 (PK:0:0),OP MINI přípravka 3+0,Mini přípravka,Mini_pripravka,9,Vítězná,
2023-10-05 16:45:00,2023-10-05,2023-10-05,16:45:00,05.10.2023 16:45,TJ Jiskra Kocbeře (4),TJ Dvůr Králové nad Labem (1),V,3 : 10 (PK:0:0),OP MINI přípravka 3+0,Mini přípravka,Mini_pripravka,9,Kocbeře,
2023-10-05 16:45:00,2023-10-05,2023-10-05,16:45:00,05.10.2023 16:45,TJ Sokol Malé Svatoňovice (6),Sokol Vítězná (3),V,12 : 1 (PK:0:0),OP MINI přípravka 3+0,Mini přípravka,Mini_pripravka,9,M.Svatoňovice,
2023-10-05 16:45:00,2023-10-05,2023-10-05,16:45:00,05.10.2023 16:45,TJ Baník Rtyně v Podkrkonoší (5),SK Sparta Úpice (7),V,4 : 6 (PK:0:0),OP MINI přípravka 3+0,Mini přípravka,Mini_pripravka,9,M.Svatoňovice,
2023-10-05 17:15:00,2023-10-05,2023-10-05,17:15:00,05.10.2023 17:15,TJ Sokol Malé Svatoňovice (6),SK Sparta Úpice (7),V,2 : 4 (PK:0:0),OP MINI přípravka 3+0,Mini přípravka,Mini_pripravka,9,M.Svatoňovice,
2023-10-05 17:15:00,2023-10-05,2023-10-05,17:15:00,05.10.2023 17:15,TJ Baník Rtyně v Podkrkonoší (5),Sokol Vítězná (3),V,9 : 1 (PK:0:0),OP MINI přípravka 3+0,Mini přípravka,Mini_pripravka,9,M.Svatoňovice,
2023-10-05 17:25:00,2023-10-05,2023-10-05,17:25:00,05.10.2023 17:25,TJ SOKOL Bílá Třemešná (2),TJ Dvůr Králové nad Labem (1),D,1 : 15 (PK:0:0),OP MINI přípravka 3+0,Mini přípravka,Mini_pripravka,9,Kocbeře,
2023-10-05 17:45:00,2023-10-05,2023-10-05,17:45:00,05.10.2023 17:45,TJ Sokol Malé Svatoňovice (6),TJ Baník Rtyně v Podkrkonoší (5),V,0 : 12 (PK:0:0),OP MINI přípravka 3+0,Mini přípravka,Mini_pripravka,9,M.Svatoňovice,
2023-10-05 17:45:00,2023-10-05,2023-10-05,17:45:00,05.10.2023 17:45,SK Sparta Úpice (7),Sokol Vítězná (3),V,5 : 2 (PK:0:0),OP MINI přípravka 3+0,Mini přípravka,Mini_pripravka,9,M.Svatoňovice,
2023-10-05 18:05:00,2023-10-05,2023-10-05,18:05:00,05.10.2023 18:05,TJ Jiskra Kocbeře (4),TJ SOKOL Bílá Třemešná (2),V,9 : 2 (PK:0:0),OP MINI přípravka 3+0,Mini přípravka,Mini_pripravka,9,Kocbeře,
2023-10-12 16:30:00,2023-10-12,2023-10-12,16:30:00,12.10.2023 16:30,TJ Dvůr Králové nad Labem (1),TJ Baník Rtyně v Podkrkonoší (5),V,6 : 10 (PK:0:0),OP MINI přípravka 3+0,Mini přípravka,Mini_pripravka,9,D.Králové,
2023-10-12 16:30:00,2023-10-12,2023-10-12,16:30:00,12.10.2023 16:30,TJ SOKOL Bílá Třemešná (2),Sokol Vítězná (3),D,0 : 0 (PK:0:0),OP MINI přípravka 3+0,Mini přípravka,Mini_pripravka,9,B.Třemešná,
2023-10-12 17:10:00,2023-10-12,2023-10-12,17:10:00,12.10.2023 17:10,TJ Jiskra Kocbeře (4),TJ Baník Rtyně v Podkrkonoší (5),V,6 : 12 (PK:0:0),OP MINI přípravka 3+0,Mini přípravka,Mini_pripravka,9,D.Králové,
2023-10-12 17:10:00,2023-10-12,2023-10-12,17:10:00,12.10.2023 17:10,TJ SOKOL Bílá Třemešná (2),Sokol Vítězná (3),D,0 : 0 (PK:0:0),OP MINI přípravka 3+0,Mini přípravka,Mini_pripravka,9,B.Třemešná,
2023-10-12 17:50:00,2023-10-12,2023-10-12,17:50:00,12.10.2023 17:50,TJ Dvůr Králové nad Labem (1),TJ Jiskra Kocbeře (4),V,5 : 4 (PK:0:0),OP MINI přípravka 3+0,Mini přípravka,Mini_pripravka,9,D.Králové,
2023-10-24 16:15:00,2023-10-24,2023-10-24,16:15:00,24.10.2023 16:15,TJ Baník Rtyně v Podkrkonoší (5),TJ Sokol Malé Svatoňovice (6),V,6 : 3 (PK:0:0),OP MINI přípravka 3+0,Mini přípravka,Mini_pripravka,9,Rtyně,
2023-10-24 16:55:00,2023-10-24,2023-10-24,16:55:00,24.10.2023 16:55,SK Sparta Úpice (7),TJ Sokol Malé Svatoňovice (6),V,13 : 0 (PK:0:0),OP MINI přípravka 3+0,Mini přípravka,Mini_pripravka,9,Rtyně,
2023-10-24 17:35:00,2023-10-24,2023-10-24,17:35:00,24.10.2023 17:35,TJ Baník Rtyně v Podkrkonoší (5),SK Sparta Úpice (7),V,8 : 15 (PK:0:0),OP MINI přípravka 3+0,Mini přípravka,Mini_pripravka,9,Rtyně,
2023-10-26 16:15:00,2023-10-26,2023-10-26,16:15:00,26.10.2023 16:15,TJ Jiskra Kocbeře (4),Sokol Vítězná (3),V,0 : 0 (PK:0:0),OP MINI přípravka 3+0,Mini přípravka,Mini_pripravka,9,Kocbeře,
2023-10-26 16:15:00,2023-10-26,2023-10-26,16:15:00,26.10.2023 16:15,TJ Dvůr Králové nad Labem (1),TJ SOKOL Bílá Třemešná (2),V,13 : 3 (PK:0:0),OP MINI přípravka 3+0,Mini přípravka,Mini_pripravka,9,Kocbeře,
2023-10-26 16:45:00,2023-10-26,2023-10-26,16:45:00,26.10.2023 16:45,TJ Jiskra Kocbeře (4),TJ Dvůr Králové nad Labem (1),V,6 : 7 (PK:0:0),OP MINI přípravka 3+0,Mini přípravka,Mini_pripravka,9,Kocbeře,
2023-10-26 16:45:00,2023-10-26,2023-10-26,16:45:00,26.10.2023 16:45,TJ SOKOL Bílá Třemešná (2),Sokol Vítězná (3),D,3 : 4 (PK:0:0),OP MINI přípravka 3+0,Mini přípravka,Mini_pripravka,9,Kocbeře,
2023-10-26 17:15:00,2023-10-26,2023-10-26,17:15:00,26.10.2023 17:15,TJ Jiskra Kocbeře (4),TJ SOKOL Bílá Třemešná (2),V,13 : 3 (PK:0:0),OP MINI přípravka 3+0,Mini přípravka,Mini_pripravka,9,Kocbeře,
2023-10-26 17:15:00,2023-10-26,2023-10-26,17:15:00,26.10.2023 17:15,Sokol Vítězná (3),TJ Dvůr Králové nad Labem (1),V,6 : 8 (PK:0:0),OP MINI přípravka 3+0,Mini přípravka,Mini_pripravka,9,Kocbeře,
2024-04-18 17:00:00,2024-04-18,2024-04-18,17:00:00,18.04.2024 17:00,TJ SOKOL Bílá Třemešná (2),TJ Dvůr Králové nad Labem (1),D,3 : 8 (PK:0:0),OP MINI přípravka 3+0,Mini přípravka,Mini_pripravka,9,B.Třemešná,
2024-04-18 17:00:00,2024-04-18,2024-04-18,17:00:00,18.04.2024 17:00,Sokol Vítězná (3),TJ Jiskra Kocbeře (4),V,2 : 14 (PK:0:0),OP MINI přípravka 3+0,Mini přípravka,Mini_pripravka,9,B.Třemešná,
2024-04-18 17:00:00,2024-04-18,2024-04-18,17:00:00,18.04.2024 17:00,TJ Baník Rtyně v Podkrkonoší (5),TJ Sokol Malé Svatoňovice (6),V,15 : 4 (PK:0:0),OP MINI přípravka 3+0,Mini přípravka,Mini_pripravka,9,Rtyně,
2024-04-18 17:30:00,2024-04-18,2024-04-18,17:30:00,18.04.2024 17:30,TJ Dvůr Králové nad Labem (1),Sokol Vítězná (3),V,9 : 10 (PK:0:0),OP MINI přípravka 3+0,Mini přípravka,Mini_pripravka,9,B.Třemešná,
2024-04-18 17:30:00,2024-04-18,2024-04-18,17:30:00,18.04.2024 17:30,TJ SOKOL Bílá Třemešná (2),TJ Jiskra Kocbeře (4),D,1 : 5 (PK:0:0),OP MINI přípravka 3+0,Mini přípravka,Mini_pripravka,9,B.Třemešná,
2024-04-18 17:40:00,2024-04-18,2024-04-18,17:40:00,18.04.2024 17:40,SK Sparta Úpice (7),TJ Sokol Malé Svatoňovice (6),V,3 : 0 (PK:0:0),OP MINI přípravka 3+0,Mini přípravka,Mini_pripravka,9,Rtyně,
2024-04-18 18:00:00,2024-04-18,2024-04-18,18:00:00,18.04.2024 18:00,TJ Dvůr Králové nad Labem (1),TJ Jiskra Kocbeře (4),V,3 : 11 (PK:0:0),OP MINI přípravka 3+0,Mini přípravka,Mini_pripravka,9,B.Třemešná,
2024-04-18 18:00:00,2024-04-18,2024-04-18,18:00:00,18.04.2024 18:00,TJ SOKOL Bílá Třemešná (2),Sokol Vítězná (3),D,3 : 6 (PK:0:0),OP MINI přípravka 3+0,Mini přípravka,Mini_pripravka,9,B.Třemešná,
2024-04-18 18:20:00,2024-04-18,2024-04-18,18:20:00,18.04.2024 18:20,TJ Baník Rtyně v Podkrkonoší (5),SK Sparta Úpice (7),V,15 : 16 (PK:0:0),OP MINI přípravka 3+0,Mini přípravka,Mini_pripravka,9,Rtyně,
2024-04-25 17:00:00,2024-04-25,2024-04-25,17:00:00,25.04.2024 17:00,SK Sparta Úpice (7),TJ Sokol Malé Svatoňovice (6),V,14 : 6 (PK:0:0),OP MINI přípravka 3+0,Mini přípravka,Mini_pripravka,9,Úpice,
2024-04-25 17:00:00,2024-04-25,2024-04-25,17:00:00,25.04.2024 17:00,TJ Baník Rtyně v Podkrkonoší (5),TJ Jiskra Kocbeře (4),V,10 : 5 (PK:0:0),OP MINI přípravka 3+0,Mini přípravka,Mini_pripravka,9,Úpice,
2024-04-25 17:30:00,2024-04-25,2024-04-25,17:30:00,25.04.2024 17:30,SK Sparta Úpice (7),TJ Baník Rtyně v Podkrkonoší (5),V,4 : 8 (PK:0:0),OP MINI přípravka 3+0,Mini přípravka,Mini_pripravka,9,Úpice,
2024-04-25 17:30:00,2024-04-25,2024-04-25,17:30:00,25.04.2024 17:30,TJ Sokol Malé Svatoňovice (6),TJ Jiskra Kocbeře (4),V,2 : 8 (PK:0:0),OP MINI přípravka 3+0,Mini přípravka,Mini_pripravka,9,Úpice,
2024-04-25 18:00:00,2024-04-25,2024-04-25,18:00:00,25.04.2024 18:00,SK Sparta Úpice (7),TJ Jiskra Kocbeře (4),V,8 : 2 (PK:0:0),OP MINI přípravka 3+0,Mini přípravka,Mini_pripravka,9,Úpice,
2024-04-25 18:00:00,2024-04-25,2024-04-25,18:00:00,25.04.2024 18:00,TJ Sokol Malé Svatoňovice (6),TJ Baník Rtyně v Podkrkonoší (5),V,2 : 10 (PK:0:0),OP MINI přípravka 3+0,Mini přípravka,Mini_pripravka,9,Úpice,
2024-04-29 16:30:00,2024-04-29,2024-04-29,16:30:00,29.04.2024 16:30,TJ Dvůr Králové nad Labem (1),TJ SOKOL Bílá Třemešná (2),V,6 : 2 (PK:0:0),OP MINI přípravka 3+0,Mini přípravka,Mini_pripravka,9,D.Králové,
2024-04-29 17:10:00,2024-04-29,2024-04-29,17:10:00,29.04.2024 17:10,Sokol Vítězná (3),TJ SOKOL Bílá Třemešná (2),V,11 : 2 (PK:0:0),OP MINI přípravka 3+0,Mini přípravka,Mini_pripravka,9,D.Králové,
2024-04-29 17:50:00,2024-04-29,2024-04-29,17:50:00,29.04.2024 17:50,TJ Dvůr Králové nad Labem (1),Sokol Vítězná (3),V,4 : 3 (PK:0:0),OP MINI přípravka 3+0,Mini přípravka,Mini_pripravka,9,D.Králové,
2024-05-02 17:00:00,2024-05-02,2024-05-02,17:00:00,02.05.2024 17:00,TJ Jiskra Kocbeře (4),Sokol Vítězná (3),V,0 : 0 (PK:0:0),OP MINI přípravka 3+0,Mini přípravka,Mini_pripravka,9,Kocbeře,
2024-05-02 17:00:00,2024-05-02,2024-05-02,17:00:00,02.05.2024 17:00,TJ SOKOL Bílá Třemešná (2),TJ Dvůr Králové nad Labem (1),D,1 : 12 (PK:0:0),OP MINI přípravka 3+0,Mini přípravka,Mini_pripravka,9,Kocbeře,
2024-05-02 17:00:00,2024-05-02,2024-05-02,17:00:00,02.05.2024 17:00,TJ Sokol Malé Svatoňovice (6),SK Sparta Úpice (7),V,4 : 6 (PK:0:0),OP MINI přípravka 3+0,Mini přípravka,Mini_pripravka,9,M.Svatoňovice,
2024-05-02 17:30:00,2024-05-02,2024-05-02,17:30:00,02.05.2024 17:30,TJ Jiskra Kocbeře (4),TJ SOKOL Bílá Třemešná (2),V,8 : 4 (PK:0:0),OP MINI přípravka 3+0,Mini přípravka,Mini_pripravka,9,Kocbeře,
2024-05-02 17:30:00,2024-05-02,2024-05-02,17:30:00,02.05.2024 17:30,Sokol Vítězná (3),TJ Dvůr Králové nad Labem (1),V,5 : 17 (PK:0:0),OP MINI přípravka 3+0,Mini přípravka,Mini_pripravka,9,Kocbeře,
2024-05-02 17:40:00,2024-05-02,2024-05-02,17:40:00,02.05.2024 17:40,TJ Baník Rtyně v Podkrkonoší (5),SK Sparta Úpice (7),V,11 : 3 (PK:0:0),OP MINI přípravka 3+0,Mini přípravka,Mini_pripravka,9,M.Svatoňovice,
2024-05-02 18:00:00,2024-05-02,2024-05-02,18:00:00,02.05.2024 18:00,TJ Jiskra Kocbeře (4),TJ Dvůr Králové nad Labem (1),V,3 : 6 (PK:0:0),OP MINI přípravka 3+0,Mini přípravka,Mini_pripravka,9,Kocbeře,
2024-05-02 18:00:00,2024-05-02,2024-05-02,18:00:00,02.05.2024 18:00,TJ SOKOL Bílá Třemešná (2),Sokol Vítězná (3),D,7 : 9 (PK:0:0),OP MINI přípravka 3+0,Mini přípravka,Mini_pripravka,9,Kocbeře,
2024-05-02 18:20:00,2024-05-02,2024-05-02,18:20:00,02.05.2024 18:20,TJ Sokol Malé Svatoňovice (6),TJ Baník Rtyně v Podkrkonoší (5),V,3 : 16 (PK:0:0),OP MINI přípravka 3+0,Mini přípravka,Mini_pripravka,9,M.Svatoňovice,
2024-05-09 17:00:00,2024-05-09,2024-05-09,17:00:00,09.05.2024 17:00,Sokol Vítězná (3),SK Sparta Úpice (7),V,2 : 20 (PK:0:0),OP MINI přípravka 3+0,Mini přípravka,Mini_pripravka,9,Vítězná,
2024-05-09 17:00:00,2024-05-09,2024-05-09,17:00:00,09.05.2024 17:00,TJ SOKOL Bílá Třemešná (2),TJ Dvůr Králové nad Labem (1),D,0 : 9 (PK:0:0),OP MINI přípravka 3+0,Mini přípravka,Mini_pripravka,9,Vítězná,
2024-05-09 17:00:00,2024-05-09,2024-05-09,17:00:00,09.05.2024 17:00,TJ Jiskra Kocbeře (4),TJ Baník Rtyně v Podkrkonoší (5),V,7 : 13 (PK:0:0),OP MINI přípravka 3+0,Mini přípravka,Mini_pripravka,9,Kocbeře,
2024-05-09 17:30:00,2024-05-09,2024-05-09,17:30:00,09.05.2024 17:30,Sokol Vítězná (3),TJ Dvůr Králové nad Labem (1),V,6 : 8 (PK:0:0),OP MINI přípravka 3+0,Mini přípravka,Mini_pripravka,9,Vítězná,
2024-05-09 17:30:00,2024-05-09,2024-05-09,17:30:00,09.05.2024 17:30,TJ SOKOL Bílá Třemešná (2),SK Sparta Úpice (7),D,4 : 15 (PK:0:0),OP MINI přípravka 3+0,Mini přípravka,Mini_pripravka,9,Vítězná,
2024-05-09 17:40:00,2024-05-09,2024-05-09,17:40:00,09.05.2024 17:40,TJ Sokol Malé Svatoňovice (6),TJ Baník Rtyně v Podkrkonoší (5),V,9 : 14 (PK:0:0),OP MINI přípravka 3+0,Mini přípravka,Mini_pripravka,9,Kocbeře,
2024-05-09 18:00:00,2024-05-09,2024-05-09,18:00:00,09.05.2024 18:00,Sokol Vítězná (3),TJ SOKOL Bílá Třemešná (2),V,6 : 4 (PK:0:0),OP MINI přípravka 3+0,Mini přípravka,Mini_pripravka,9,Vítězná,
2024-05-09 18:00:00,2024-05-09,2024-05-09,18:00:00,09.05.2024 18:00,SK Sparta Úpice (7),TJ Dvůr Králové nad Labem (1),V,17 : 4 (PK:0:0),OP MINI přípravka 3+0,Mini přípravka,Mini_pripravka,9,Vítězná,
2024-05-09 18:20:00,2024-05-09,2024-05-09,18:20:00,09.05.2024 18:20,TJ Jiskra Kocbeře (4),TJ Sokol Malé Svatoňovice (6),V,5 : 7 (PK:0:0),OP MINI přípravka 3+0,Mini přípravka,Mini_pripravka,9,Kocbeře,
2024-05-16 17:00:00,2024-05-16,2024-05-16,17:00:00,16.05.2024 17:00,TJ SOKOL Bílá Třemešná (2),TJ Jiskra Kocbeře (4),D,4 : 13 (PK:0:0),OP MINI přípravka 3+0,Mini přípravka,Mini_pripravka,9,B.Třemešná,
2024-05-16 17:00:00,2024-05-16,2024-05-16,17:00:00,16.05.2024 17:00,TJ Dvůr Králové nad Labem (1),Sokol Vítězná (3),V,9 : 3 (PK:0:0),OP MINI přípravka 3+0,Mini přípravka,Mini_pripravka,9,B.Třemešná,
2024-05-16 17:00:00,2024-05-16,2024-05-16,17:00:00,16.05.2024 17:00,TJ Baník Rtyně v Podkrkonoší (5),TJ Sokol Malé Svatoňovice (6),V,15 : 4 (PK:0:0),OP MINI přípravka 3+0,Mini přípravka,Mini_pripravka,9,Rtyně,
2024-05-16 17:30:00,2024-05-16,2024-05-16,17:30:00,16.05.2024 17:30,TJ SOKOL Bílá Třemešná (2),Sokol Vítězná (3),D,4 : 7 (PK:0:0),OP MINI přípravka 3+0,Mini přípravka,Mini_pripravka,9,B.Třemešná,
2024-05-16 17:30:00,2024-05-16,2024-05-16,17:30:00,16.05.2024 17:30,TJ Dvůr Králové nad Labem (1),TJ Jiskra Kocbeře (4),V,7 : 8 (PK:0:0),OP MINI přípravka 3+0,Mini přípravka,Mini_pripravka,9,B.Třemešná,
2024-05-16 17:40:00,2024-05-16,2024-05-16,17:40:00,16.05.2024 17:40,SK Sparta Úpice (7),TJ Sokol Malé Svatoňovice (6),V,5 : 4 (PK:0:0),OP MINI přípravka 3+0,Mini přípravka,Mini_pripravka,9,Rtyně,
2024-05-16 18:00:00,2024-05-16,2024-05-16,18:00:00,16.05.2024 18:00,TJ SOKOL Bílá Třemešná (2),TJ Dvůr Králové nad Labem (1),D,1 : 10 (PK:0:0),OP MINI přípravka 3+0,Mini přípravka,Mini_pripravka,9,B.Třemešná,
2024-05-16 18:00:00,2024-05-16,2024-05-16,18:00:00,16.05.2024 18:00,Sokol Vítězná (3),TJ Jiskra Kocbeře (4),V,6 : 12 (PK:0:0),OP MINI přípravka 3+0,Mini přípravka,Mini_pripravka,9,B.Třemešná,
2024-05-16 18:20:00,2024-05-16,2024-05-16,18:20:00,16.05.2024 18:20,TJ Baník Rtyně v Podkrkonoší (5),SK Sparta Úpice (7),V,25 : 6 (PK:0:0),OP MINI přípravka 3+0,Mini přípravka,Mini_pripravka,9,Rtyně,
2024-05-23 17:00:00,2024-05-23,2024-05-23,17:00:00,23.05.2024 17:00,TJ Dvůr Králové nad Labem (1),Sokol Vítězná (3),V,16 : 4 (PK:0:0),OP MINI přípravka 3+0,Mini přípravka,Mini_pripravka,9,D.Králové,
2024-05-23 17:00:00,2024-05-23,2024-05-23,17:00:00,23.05.2024 17:00,TJ SOKOL Bílá Třemešná (2),TJ Jiskra Kocbeře (4),D,4 : 10 (PK:0:0),OP MINI přípravka 3+0,Mini přípravka,Mini_pripravka,9,D.Králové,
2024-05-23 17:00:00,2024-05-23,2024-05-23,17:00:00,23.05.2024 17:00,SK Sparta Úpice (7),TJ Sokol Malé Svatoňovice (6),V,15 : 2 (PK:0:0),OP MINI přípravka 3+0,Mini přípravka,Mini_pripravka,9,Úpice,
2024-05-23 17:30:00,2024-05-23,2024-05-23,17:30:00,23.05.2024 17:30,TJ Dvůr Králové nad Labem (1),TJ SOKOL Bílá Třemešná (2),V,8 : 5 (PK:0:0),OP MINI přípravka 3+0,Mini přípravka,Mini_pripravka,9,D.Králové,
2024-05-23 17:30:00,2024-05-23,2024-05-23,17:30:00,23.05.2024 17:30,Sokol Vítězná (3),TJ Jiskra Kocbeře (4),V,2 : 12 (PK:0:0),OP MINI přípravka 3+0,Mini přípravka,Mini_pripravka,9,D.Králové,
2024-05-23 17:40:00,2024-05-23,2024-05-23,17:40:00,23.05.2024 17:40,TJ Baník Rtyně v Podkrkonoší (5),TJ Sokol Malé Svatoňovice (6),V,14 : 4 (PK:0:0),OP MINI přípravka 3+0,Mini přípravka,Mini_pripravka,9,Úpice,
2024-05-23 18:00:00,2024-05-23,2024-05-23,18:00:00,23.05.2024 18:00,TJ Dvůr Králové nad Labem (1),TJ Jiskra Kocbeře (4),V,4 : 7 (PK:0:0),OP MINI přípravka 3+0,Mini přípravka,Mini_pripravka,9,D.Králové,
2024-05-23 18:00:00,2024-05-23,2024-05-23,18:00:00,23.05.2024 18:00,Sokol Vítězná (3),TJ SOKOL Bílá Třemešná (2),V,4 : 10 (PK:0:0),OP MINI přípravka 3+0,Mini přípravka,Mini_pripravka,9,D.Králové,
2024-05-23 18:20:00,2024-05-23,2024-05-23,18:20:00,23.05.2024 18:20,SK Sparta Úpice (7),TJ Baník Rtyně v Podkrkonoší (5),V,8 : 8 (PK:0:0),OP MINI přípravka 3+0,Mini přípravka,Mini_pripravka,9,Úpice,
2024-05-30 17:00:00,2024-05-30,2024-05-30,17:00:00,30.05.2024 17:00,Sokol Vítězná (3),TJ Dvůr Králové nad Labem (1),V,6 : 8 (PK:0:0),OP MINI přípravka 3+0,Mini přípravka,Mini_pripravka,9,Vítězná,
2024-05-30 17:00:00,2024-05-30,2024-05-30,17:00:00,30.05.2024 17:00,TJ SOKOL Bílá Třemešná (2),TJ Jiskra Kocbeře (4),D,2 : 10 (PK:0:0),OP MINI přípravka 3+0,Mini přípravka,Mini_pripravka,9,Vítězná,
2024-05-30 17:00:00,2024-05-30,2024-05-30,17:00:00,30.05.2024 17:00,TJ Sokol Malé Svatoňovice (6),SK Sparta Úpice (7),V,6 : 12 (PK:0:0),OP MINI přípravka 3+0,Mini přípravka,Mini_pripravka,9,M.Svatoňovice,
2024-05-30 17:30:00,2024-05-30,2024-05-30,17:30:00,30.05.2024 17:30,Sokol Vítězná (3),TJ SOKOL Bílá Třemešná (2),V,7 : 8 (PK:0:0),OP MINI přípravka 3+0,Mini přípravka,Mini_pripravka,9,Vítězná,
2024-05-30 17:30:00,2024-05-30,2024-05-30,17:30:00,30.05.2024 17:30,TJ Dvůr Králové nad Labem (1),TJ Jiskra Kocbeře (4),V,7 : 7 (PK:0:0),OP MINI přípravka 3+0,Mini přípravka,Mini_pripravka,9,Vítězná,
2024-05-30 17:40:00,2024-05-30,2024-05-30,17:40:00,30.05.2024 17:40,TJ Baník Rtyně v Podkrkonoší (5),SK Sparta Úpice (7),V,8 : 10 (PK:0:0),OP MINI přípravka 3+0,Mini přípravka,Mini_pripravka,9,M.Svatoňovice,
2024-05-30 18:00:00,2024-05-30,2024-05-30,18:00:00,30.05.2024 18:00,Sokol Vítězná (3),TJ Jiskra Kocbeře (4),V,4 : 9 (PK:0:0),OP MINI přípravka 3+0,Mini přípravka,Mini_pripravka,9,Vítězná,
2024-05-30 18:00:00,2024-05-30,2024-05-30,18:00:00,30.05.2024 18:00,TJ SOKOL Bílá Třemešná (2),TJ Dvůr Králové nad Labem (1),D,4 : 5 (PK:0:0),OP MINI přípravka 3+0,Mini přípravka,Mini_pripravka,9,Vítězná,
2024-05-30 18:20:00,2024-05-30,2024-05-30,18:20:00,30.05.2024 18:20,TJ Sokol Malé Svatoňovice (6),TJ Baník Rtyně v Podkrkonoší (5),V,3 : 12 (PK:0:0),OP MINI přípravka 3+0,Mini přípravka,Mini_pripravka,9,M.Svatoňovice,
